1	['jan theuns']
2	['air force']
3	['inuit artist']
4	['film']
5	['fencer']
6	['actor']
7	['association football player']
8	['entomologist']
9	['expansion pack']
10	['municipality']
11	['writer']
12	['filipino basketball player']
13	['reservoir']
14	['enzyme']
15	['film']
16	['shopping mall']
17	['film']
18	['season']
19	['photographer']
20	['commune']
21	['rank']
22	['school']
23	['commune']
24	['year']
25	['professional basketball player']
26	['rapper wiz khalifa']
27	['politician']
28	['tor']
29	['soprano']
30	['philosopher']
31	['governor']
32	['town']
33	['argentine tango']
34	['neighbourhood']
35	['taxon']
36	['edition']
37	['cyclist']
38	['ondrej']
39	['football midfielder']
40	['association football player']
41	['neighbourhood']
42	['trade unionist']
43	['locality']
44	['operating system']
45	['paralympic swimmer']
46	['stefan grossman']
47	['football defender']
48	['mesophilic motile bacterium']
49	['member']
50	['drink']
51	['art director']
52	['battle fought']
53	['taxon']
54	['antelope native']
55	['taxon']
56	['taxon']
57	['association football player']
58	['events']
59	['japanese football player']
60	['association']
61	['writer']
62	['ft']
63	['family name']
64	['taxon']
65	['edition']
66	['family']
67	['sitcom']
68	['venture']
69	['abstract sculptor']
70	['events']
71	['science fiction novelette']
72	['australian rules']
73	['minesweeper']
74	['album']
75	['physician']
76	['film']
77	['field hockey midfielder']
78	['staging']
79	['snake-class junk']
80	['baptist church']
81	['justice reform act']
82	['jazz saxophonist']
83	['song']
84	['screenwriter']
85	['actor']
86	['point']
87	['taxon']
88	['River']
89	['member']
90	['lane']
91	['july']
92	['cave']
93	['professional skier']
94	['gerard']
95	['timeline']
96	['king']
97	['officer']
98	['season']
99	['mountains']
100	['inventor']
101	['worker']
102	['devotee']
103	['taxon']
104	['bahamians']
105	['philosopher']
106	['street demonstration']
107	['liudolf']
108	['family name']
109	['basketball club']
110	['hurricane']
111	['area']
112	['transcription']
113	['hurons football team']
114	['tidewater glacier']
115	['gymnast']
116	['party']
117	['bird sanctuary']
118	['taxon']
119	['ferredoxin']
120	['taxon']
121	['video game']
122	['painter']
123	['method']
124	['school']
125	['taxon']
126	['states']
127	['cabinet']
128	['season']
129	['journalist']
130	['video game']
131	['human settlement']
132	['taxon']
133	['association football player']
134	['city']
135	['research organization']
136	['government area']
137	['taxon']
138	['taxon']
139	['author']
140	['commune']
141	['human settlement']
142	['implementation']
143	['family name']
144	['subsidiary']
145	['force whichsent']
146	['online']
147	['human settlement']
148	['mountain']
149	['punk']
150	['taxon']
151	['nature reserve']
152	['protein']
153	['petty']
154	['sum']
155	['association football player']
156	['term']
157	['museum']
158	['composer']
159	['competition']
160	['cruise line']
161	['governing body']
162	['folk song']
163	['alabama crimson']
164	['osaka']
165	['pronunciation system']
166	['country music']
167	['genus']
168	['disorder']
169	['name']
170	['association football player']
171	['taxon']
172	['scrolling shooter']
173	['california pioneer']
174	['sarah morgan']
175	['human settlement']
176	['municipality']
177	['priest']
178	['hero']
179	['character']
180	['arts']
181	['tennis tournament']
182	['taxon']
183	['singer']
184	['league baseball team']
185	['islands']
186	['sports talk show']
187	['triple quasar']
188	['taxon']
189	['grace garland']
190	['taxon']
191	['party']
192	['writer']
193	['collection']
194	['coalition']
195	['film']
196	['town']
197	['list']
198	['list']
199	['road']
200	['politician']
201	['member']
202	['motorway']
203	['ship']
204	['taxon']
205	['taxon']
206	['edition']
207	['human settlement']
208	['circus clown']
209	['taxon']
210	['men']
211	['song']
212	['saucisse']
213	['river']
214	['july']
215	['hospital']
216	['wrestler']
217	['education']
218	['actor']
219	['genus']
220	['sports journalist']
221	['human settlement']
222	['library']
223	['douglas street']
224	['human settlement']
225	['cable news network entertainment reporter']
226	['artist']
227	['phenol']
228	['men']
229	['film']
230	['house']
231	['year']
232	['cricketer']
233	['field hockey player']
234	['association football player']
235	['sculptor']
236	['gallery']
237	['grist mill']
238	['poet']
239	['formation']
240	['tree']
241	['human settlement']
242	['weightlifter']
243	['team']
244	['story writer']
245	['airport']
246	['district']
247	['designer']
248	['award']
249	['earth science agency']
250	['machinist']
251	['test']
252	['rower']
253	['politician']
254	['association football player']
255	['football']
256	['member']
257	['sports club']
258	['video game']
259	['year']
260	['father']
261	['long-distance runner']
262	['settlement']
263	['cyclist']
264	['officer']
265	['member']
266	['municipality']
267	['environment']
268	['town']
269	['roman silver drinking cup']
270	['class']
271	['taxon']
272	['politician']
273	['jazz singer']
274	['composer']
275	['wrestler']
276	['opera']
277	['video game']
278	['taxon']
279	['company']
280	['award']
281	['sport manager']
282	['series']
283	['party']
284	['burke-class destroyer']
285	['stage']
286	['duo']
287	['coalition']
288	['lake']
289	['genus']
290	['writer']
291	['association football player']
292	['river']
293	['puppet theatre festival']
294	['martyr']
295	['human settlement']
296	['patera']
297	['poet']
298	['taxon']
299	['railway station']
300	['/']
301	['chipilo']
302	['guatemalan']
303	['actor']
304	['breed']
305	['parts']
306	['taxon']
307	['hope']
308	['football manager whodirector']
309	['badminton player']
310	['association football club']
311	['overlook']
312	['labashi-marduk']
313	['country']
314	['association football club']
315	['patrol']
316	['township municipality']
317	['kiox-fm']
318	['manufacturer']
319	['organisation']
320	['politician']
321	['taxon']
322	['album']
323	['flowering bush species']
324	['prince']
325	['history']
326	['district']
327	['name']
328	['experimental/psychedelic/rock band']
329	['pub company']
330	['politician']
331	['cyclist']
332	['professional football player']
333	['taxon']
334	['River']
335	['human settlement']
336	['actor']
337	['floor']
338	['taxon']
339	['mathematical']
340	['english-language manga']
341	['tennis tournament']
342	['television writer']
343	['organisation']
344	['wbfc-lp']
345	['journalist']
346	['length studio album']
347	['settlement']
348	['emperor']
349	['cricket umpire']
350	['genus']
351	['horror author']
352	['heroine']
353	['taxon']
354	['rock/indie rock band']
355	['thespakusatsu gunma season']
356	['human settlement']
357	['taxon']
358	['award']
359	['association football player']
360	['season']
361	['transgender']
362	['frank skuse']
363	['municipality']
364	['grade ii']
365	['football player']
366	['bishop']
367	['parmanu']
368	['article']
369	['valley section']
370	['zealand novelist']
371	['part']
372	['jazz guitarist']
373	['politician']
374	['arch bridge']
375	['mosque']
376	['sitcom']
377	['poem']
378	['mountain']
379	['settlement']
380	['title']
381	['taxon']
382	['dance music trio']
383	['archivist']
384	['taxon']
385	['horse race']
386	['genus']
387	['video game']
388	['cricketer']
389	['production house']
390	['taxon']
391	['horse']
392	['endopeptidase']
393	['film']
394	['season']
395	['town hall']
396	['half']
397	['politician']
398	['giant']
399	['anti-europeanism']
400	['dutch photographer']
401	['bbc series']
402	['school']
403	['quebec wing']
404	['romance']
405	['title']
406	['taxon']
407	['taxon']
408	['family name']
409	['taxon']
410	['island']
411	['city']
412	['welsh rugby union player']
413	['cricketer']
414	['member']
415	['genus']
416	['statesman']
417	['politician']
418	['painter']
419	['politician']
420	['female football referee']
421	['athens']
422	['ice hockey']
423	['writer']
424	['mass murder attack']
425	['cross-country skier']
426	['suburb']
427	['news channel']
428	['genus']
429	['taxon']
430	['source photoblog application']
431	['composer']
432	['battle']
433	['alpine skier']
434	['association football player']
435	['venezuelan']
436	['junior']
437	['locality']
438	['taxon']
439	['president']
440	['made-for-television']
441	['school']
442	['taxon']
443	['re neagle']
444	['protein']
445	['cyclist']
446	['airport']
447	['grade ii']
448	['futsal club']
449	['football match']
450	['human settlement']
451	['pope leo iii']
452	['commune']
453	['human settlement']
454	['taxon']
455	['school district']
456	['existence']
457	['television series']
458	['film']
459	['roman']
460	['psychedelic folk project']
461	['student']
462	['death/black metal musician']
463	['cycle']
464	['politician']
465	['strip']
466	['law enforcement agency']
467	['commune']
468	['association football player']
469	['river']
470	['arts school']
471	['cricketer']
472	['artist']
473	['asteroid']
474	['actor']
475	['daniel eberlin']
476	['settlement']
477	['film']
478	['politician']
479	['leaders']
480	['villages']
481	['video game']
482	['record']
483	['taxon']
484	['firm']
485	['association football player']
486	['actor']
487	['name']
488	['film']
489	['asteroid']
490	['sports title']
491	['school district']
492	['competition']
493	['haen']
494	['gymnast']
495	['commune']
496	['inuit']
497	['football']
498	['association football club']
499	['protein']
500	['taxon']
501	['taxon']
502	['port']
503	['tributary']
504	['artist']
505	['edition']
506	['tragedy']
507	['process']
508	['river']
509	['plant']
510	['episcopate']
511	['edition']
512	['food writer']
513	['act']
514	['men']
515	['human settlement']
516	['exploration']
517	['tarmac']
518	['mathematician']
519	['block']
520	['sports club']
521	['actor']
522	['city']
523	['film']
524	['minuscule manuscript']
525	['football player']
526	['plant pathogen']
527	['systems engineer']
528	['settlement']
529	['manufacturer']
530	['deputy chairman']
531	['series']
532	['video game']
533	['archaeologist']
534	['taxon']
535	['event']
536	['composer']
537	['taxon']
538	['season']
539	['human settlement']
540	['states']
541	['woodland preserve']
542	['history']
543	['john i']
544	['human settlement']
545	['pop rock band']
546	['taxon']
547	['rower']
548	['manor house']
549	['association football player']
550	['wrestler']
551	['geometry']
552	['professional football player']
553	['taxon']
554	['writer']
555	['tour promoters']
556	['justice']
557	['organisation']
558	['chess opening']
559	['municipality']
560	['measure']
561	['junior']
562	['area']
563	['film']
564	['calcicolus']
565	['trade union leader']
566	['journalist whoa']
567	['family']
568	['association football club']
569	['football midfielder']
570	['film']
571	['season']
572	['virginia businessman']
573	['taxon']
574	['football stadium']
575	['taxon']
576	['song']
577	['royal marine officer']
578	['counter-strike']
579	['film']
580	['island']
581	['doctor']
582	['mississippi state bulldogs football team']
583	['film']
584	['village development committee']
585	['nicholas mcleod']
586	['settlement']
587	['residence']
588	['science fiction mystery']
589	['Road']
590	['taxon']
591	['area codes']
592	['park']
593	['soldier']
594	['genus']
595	['mint']
596	['star system']
597	['gravity dam']
598	['politician']
599	['company']
600	['film']
601	['philosopher']
602	['babys']
603	['taxon']
604	['association football player']
605	['residence']
606	['delia']
607	['sports venue']
608	['actor']
609	['actor']
610	['show jumper']
611	['prop comic']
612	['association football player']
613	['town']
614	['lanegan']
615	['Wood']
616	['city']
617	['combination birth control pill']
618	['pianist']
619	['taxon']
620	['plant']
621	['school']
622	['sea snail']
623	['film']
624	['body']
625	['lists events']
626	['television writer']
627	['merchant']
628	['documentary']
629	['arm']
630	['taxon']
631	['402']
632	['isuzu vietnam co']
633	['jacob van der sluys']
634	['taxon']
635	['municipality']
636	['sculpture']
637	['taxon']
638	['album']
639	['junction']
640	['bird']
641	['actor']
642	['human settlement']
643	['human settlement']
644	['economist']
645	['establishment']
646	['mw']
647	['actor']
648	['cricketer']
649	['system body']
650	['character']
651	['order']
652	['thriller television series']
653	['singer/songwriter']
654	['taxon']
655	['lgbt rights organization']
656	['army thrust']
657	['event thatpart']
658	['part']
659	['winner']
660	['taxon']
661	['organization']
662	['composer']
663	['confrontation']
664	['genus']
665	['astronomer']
666	['geneticist']
667	['professional ice hockey player']
668	['commune']
669	['company']
670	['taxon']
671	['composer']
672	['japanese football player']
673	['zoologist']
674	['network']
675	['bird']
676	['sound law']
677	['professor']
678	['writer']
679	['film']
680	['square fortress']
681	['railway station']
682	['studio album']
683	['character']
684	['genus']
685	['rally']
686	['professional']
687	['gas fields']
688	['use airport']
689	['lion']
690	['farm']
691	['conglomerate']
692	['actor']
693	['human settlement']
694	['protein']
695	['platform']
696	['minister']
697	['orientalist']
698	['cheryl rogowski']
699	['ichthyologist']
700	['educator']
701	['bishop rowland lee']
702	['association football player']
703	['poet']
704	['dam']
705	['geologist researcher']
706	['author']
707	['town']
708	['photographer']
709	['taxon']
710	['association football player']
711	['list']
712	['reef']
713	['antiprotozoal agent']
714	['human settlement']
715	['u']
716	['human settlement']
717	['flight']
718	['studio album']
719	['freestyle wrestler']
720	['formation']
721	['dong']
722	['railroad line']
723	['human settlement']
724	['district']
725	['mcrobbie']
726	['football team']
727	['disney channel']
728	['genus']
729	['film']
730	['studio album']
731	['human settlement']
732	['single-decker minibus']
733	['table tennis player']
734	['corsair']
735	['association football player']
736	['commune']
737	['actor']
738	['taxon']
739	['taxon']
740	['musician']
741	['commune']
742	['edition']
743	['election']
744	['film']
745	['hip hop artist']
746	['crime novel']
747	['physicist']
748	['pianist']
749	['town']
750	['honda']
751	['computer program']
752	['book']
753	['retired football player']
754	['taxon']
755	['road cyclist']
756	['Devil']
757	['scrapbooking program']
758	['poet']
759	['air squadron']
760	['taxon']
761	['human settlement']
762	['actor']
763	['district']
764	['tennis tournament']
765	['episode']
766	['dom anselmo costadoni']
767	['writer']
768	['mathematician']
769	['gadegaard']
770	['island']
771	['power plant']
772	['taxon']
773	['manager']
774	['party']
775	['masculine']
776	['author']
777	['genus']
778	['long-distance runner']
779	['female volleyball player']
780	['taxon']
781	['power pop band']
782	['human settlement']
783	['golf tournament']
784	['family name']
785	['km']
786	['taxon']
787	['jousting helm']
788	['coffee brand']
789	['film']
790	['church']
791	['year']
792	['taxon']
793	['sitcom pilot']
794	['politician']
795	['racehorse']
796	['taxon']
797	['jazz banjoist']
798	['novelist']
799	['association football player']
800	['Airport']
801	['human settlement']
802	['school']
803	['genus']
804	['debut album']
805	['billionaire businesswoman']
806	['reality television']
807	['patriarchate']
808	['assemblage']
809	['company']
810	['video game']
811	['country']
812	['law']
813	['loa']
814	['hill']
815	['film']
816	['list']
817	['route']
818	['sydney']
819	['onekaka']
820	['trilogy']
821	['pianist']
822	['iron ore mine']
823	['town']
824	['botanist']
825	['population']
826	['athlete']
827	['george']
828	['bobsleigh']
829	['hominid']
830	['taxon']
831	['canton']
832	['professional poker player']
833	['events']
834	['enzymology']
835	['association football player']
836	['commune']
837	['taxon']
838	['book']
839	['professional racing cyclist']
840	['town']
841	['genus']
842	['delphi']
843	['stream']
844	['sport']
845	['series']
846	['film']
847	['prelate']
848	['novel']
849	['counterculture']
850	['schools']
851	['formula']
852	['human settlement']
853	['tool steel']
854	['taxon']
855	['district']
856	['taxon']
857	['name']
858	['oregon webfoots football team']
859	['politician']
860	['children']
861	['book']
862	['human settlement']
863	['newspaper']
864	['taxon']
865	['church']
866	['association football player']
867	['taxon']
868	['craton']
869	['sitcom']
870	['diner']
871	['locality']
872	['fencer']
873	['album']
874	['town']
875	['family name']
876	['record producer']
877	['bursa malaysia']
878	['human settlement']
879	['shenzhen']
880	['artist']
881	['chess player']
882	['herb']
883	['eel']
884	['taxon']
885	['communications executive']
886	['professional tennis player']
887	['hamlet']
888	['argentina–poland relations refers']
889	['palo alto']
890	['language']
891	['deity']
892	['school']
893	['racewalker']
894	['belgian']
895	['jumping spider species']
896	['hits']
897	['human settlement']
898	['town']
899	['debut album']
900	['taxon']
901	['genus']
902	['human settlement']
903	['sprinter']
904	['football player']
905	['northwest']
906	['art director']
907	['taxon']
908	['heights']
909	['butterfly']
910	['car']
911	['singer']
912	['galaxy']
913	['district']
914	['dance music festival']
915	['taxon']
916	['politician']
917	['racing cyclist']
918	['organization']
919	['commune']
920	['party']
921	['part']
922	['gymnast']
923	['school building']
924	['singaporean host']
925	['genus']
926	['writer']
927	['district']
928	['cricketer']
929	['gmina']
930	['edition']
931	['townland']
932	['formation']
933	['fish belonging']
934	['jazz']
935	['football safety']
936	['century']
937	['taxon']
938	['rugby union player']
939	['human settlement']
940	['boxer']
941	['taxon']
942	['human settlement']
943	['association football player']
944	['country music artist']
945	['formula']
946	['grayston']
947	['taxon']
948	['song']
949	['children']
950	['pay television network']
951	['chronicle']
952	['drama']
953	['events']
954	['rite']
955	['video game']
956	['operation']
957	['association football player']
958	['freguesia']
959	['video game']
960	['cartoon miner']
961	['taxon']
962	['held']
963	['municipality']
964	['association football club']
965	['race']
966	['band']
967	['park']
968	['enzyme']
969	['church']
970	['astronomer']
971	['triptych']
972	['mosque']
973	['alice comedies']
974	['politician']
975	['times supermarkets']
976	['psychologist']
977	['tennis tournament']
978	['class corvette']
979	['taxon']
980	['poet']
981	['genus']
982	['saudi arabian football player']
983	['crude oil pipeline']
984	['album']
985	['brand']
986	['taxon']
987	['u']
988	['genus']
989	['human settlement']
990	['taxon']
991	['muslim']
992	['municipality']
993	['morecambe']
994	['family name']
995	['poet']
996	['aviation institute']
997	['oil']
998	['world champion']
999	['football league utility player']
1000	['truss bridge thatbuilt']
1001	['george kibbler']
1002	['taxon']
1003	['rugby union player']
1004	['lawyer']
1005	['taxon']
1006	['london']
1007	['member']
1008	['human settlement']
1009	['reservoir']
1010	['taxon']
1011	['status a-road']
1012	['town']
1013	['field hockey player']
1014	['television series']
1015	['sports club']
1016	['human settlement']
1017	['style building']
1018	['rules']
1019	['concept']
1020	['taxon']
1021	['island']
1022	['politician']
1023	['gymnast']
1024	['actor']
1025	['era name']
1026	['australian rules']
1027	['title']
1028	['human settlement']
1029	['association football player']
1030	['railway service']
1031	['family name']
1032	['actor']
1033	['inkhundla']
1034	['action']
1035	['municipality']
1036	['protein']
1037	['pizzicato']
1038	['taxon']
1039	['association football player']
1040	['sun bowl']
1041	['wrestling pay-per-view']
1042	['sun']
1043	['commune']
1044	['association football club']
1045	['party']
1046	['film']
1047	['eagles football team']
1048	['mountain standing']
1049	['taxon']
1050	['rugby union player']
1051	['hotel']
1052	['taxon']
1053	['japanese football player']
1054	['professional basketball player']
1055	['association football player']
1056	['film']
1057	['composer']
1058	['ambush']
1059	['human settlement']
1060	['commune']
1061	['politician']
1062	['writer']
1063	['dutch cyclist']
1064	['level']
1065	['list']
1066	['rock shelter']
1067	['locality']
1068	['communist party']
1069	['cable']
1070	['reality television series']
1071	['stage name']
1072	['entrepreneur']
1073	['genus']
1074	['billionaire tobacco heiress']
1075	['physicist']
1076	['landmark civic building']
1077	['kickboxer']
1078	['painter']
1079	['list']
1080	['container vessels']
1081	['nations security council resolution']
1082	['manga series']
1083	['currency']
1084	['bridge']
1085	['rock promontory']
1086	['newspaper']
1087	['genus']
1088	['taxon']
1089	['star']
1090	['theologian']
1091	['swimmer']
1092	['genus']
1093	['freestyle wrestler']
1094	['singer']
1095	['software company']
1096	['family']
1097	['human settlement']
1098	['nightclub']
1099	['rock exposure']
1100	['human settlement']
1101	['artist']
1102	['mathematician']
1103	['studio album']
1104	['cardinal']
1105	['mountain']
1106	['maroons']
1107	['genus']
1108	['copy']
1109	['houghton sprague pearce']
1110	['spin-off manhua']
1111	['poet']
1112	['association football player']
1113	['housing estate']
1114	['association football player']
1115	['genus']
1116	['rower']
1117	['healthcare centre']
1118	['transport aircraft']
1119	['taxon']
1120	['human settlement']
1121	['debut']
1122	['school']
1123	['taxon']
1124	['school']
1125	['sir lawrence tanfield']
1126	['musical song form']
1127	['software company']
1128	['nations security council resolution']
1129	['politician']
1130	['film']
1131	['activist']
1132	['rock band']
1133	['bishop']
1134	['rugby union player']
1135	['entertainment']
1136	['bay']
1137	['episode']
1138	['lawyer']
1139	['frontier principalities']
1140	['football player']
1141	['poet']
1142	['official']
1143	['estuary']
1144	['language']
1145	['part']
1146	['family']
1147	['association football club']
1148	['portrait painter']
1149	['railway station']
1150	['list']
1151	['philosopher']
1152	['comune']
1153	['association football club']
1154	['family name']
1155	['phrase']
1156	['film']
1157	['capital']
1158	['season']
1159	['island']
1160	['peninsula']
1161	['coffee']
1162	['entomologist']
1163	['record label']
1164	['heaven']
1165	['book']
1166	['taxon']
1167	['studio album']
1168	['taxon']
1169	['minesweeper']
1170	['advocate']
1171	['state highway']
1172	['engineering school belonging']
1173	['football player']
1174	['transport']
1175	['taxon']
1176	['plant genus']
1177	['history']
1178	['human settlement']
1179	['attack']
1180	['River']
1181	['minesweeper']
1182	['genus']
1183	['taxon']
1184	['video game']
1185	['football league cup']
1186	['human settlement']
1187	['ferrari belotti s']
1188	['association football player']
1189	['film']
1190	['member']
1191	['tributary']
1192	['municipality']
1193	['Bridge']
1194	['genus']
1195	['services network']
1196	['comics']
1197	['assembly electorate']
1198	['film']
1199	['butterfly']
1200	['association football player']
1201	['actor']
1202	['college football player']
1203	['town']
1204	['family']
1205	['butterfly']
1206	['roman']
1207	['competition']
1208	['francisco']
1209	['film']
1210	['rapper']
1211	['alpine skier']
1212	['edition']
1213	['netball player']
1214	['mademoiselle marie']
1215	['physicist']
1216	['television series']
1217	['edition']
1218	['osaka']
1219	['taxon']
1220	['paddlesteam schooner hnoms vidar']
1221	['town']
1222	['constituency']
1223	['medication']
1224	['season']
1225	['album']
1226	['human settlement']
1227	['association football player']
1228	['carol']
1229	['rock singer']
1230	['municipality']
1231	['district']
1232	['states']
1233	['island']
1234	['conference']
1235	['year']
1236	['weightlifter']
1237	['long-distance runner']
1238	['taxon']
1239	['athlete']
1240	['taxon']
1241	['people']
1242	['type']
1243	['composer']
1244	['plant genus']
1245	['governor']
1246	['ruins']
1247	['female beach volleyball player']
1248	['sanskrit poet']
1249	['anthropologist']
1250	['association club']
1251	['beetle']
1252	['commune']
1253	['river']
1254	['taxon']
1255	['man']
1256	['hero']
1257	['martin bickham']
1258	['designer']
1259	['municipality']
1260	['refugee']
1261	['carmelite monastery']
1262	['taxon']
1263	['castle']
1264	['association football player']
1265	['orlando anarchy']
1266	['chess grandmaster']
1267	['luger']
1268	['genus']
1269	['taxon']
1270	['television home improvement series']
1271	['football player']
1272	['school']
1273	['snack food company']
1274	['science fiction']
1275	['name']
1276	['town']
1277	['market town']
1278	['gymnast']
1279	['film']
1280	['arch bridge']
1281	['mountain pass']
1282	['middle-distance runner']
1283	['school district']
1284	['body']
1285	['track']
1286	['association football player']
1287	['school']
1288	['association football player']
1289	['film']
1290	['genus']
1291	['tree']
1292	['events service']
1293	['tort law case']
1294	['engineer']
1295	['taxon']
1296	['peak']
1297	['hip hop']
1298	['wildlife worker']
1299	['tennis tournament']
1300	['taxon']
1301	['baseball park']
1302	['sand beach']
1303	['male volleyball player']
1304	['fastback']
1305	['rower']
1306	['commune']
1307	['author']
1308	['subgenre']
1309	['genus']
1310	['comune']
1311	['autobiography']
1312	['taxon']
1313	['genus']
1314	['event']
1315	['taxon']
1316	['locality']
1317	['tennis tournament']
1318	['compilation album']
1319	['department']
1320	['football team']
1321	['animation']
1322	['motorcycle manufacturer']
1323	['president']
1324	['walloon municipality']
1325	['businessman']
1326	['demo']
1327	['tennis tournament']
1328	['drag queen']
1329	['deity']
1330	['journal']
1331	['taxon']
1332	['settlement']
1333	['anticholinergic']
1334	['human settlement']
1335	['painting']
1336	['association football player']
1337	['taxon']
1338	['town']
1339	['music awards']
1340	['acalyptratae']
1341	['film']
1342	['professional football manager']
1343	['multi-sports club']
1344	['film']
1345	['settlement']
1346	['Tunnel']
1347	['database management system']
1348	['hong']
1349	['ska band']
1350	['order']
1351	['horror novel']
1352	['access']
1353	['organisation']
1354	['building']
1355	['politician']
1356	['suburb']
1357	['servant']
1358	['taxon']
1359	['confederate general']
1360	['house']
1361	['glacier']
1362	['association football player']
1363	['dermatosis refers']
1364	['play']
1365	['family name']
1366	['season']
1367	['nobleman']
1368	['video game']
1369	['ford motor company']
1370	['manuscript']
1371	['events']
1372	['novel']
1373	['professional basketball player']
1374	['shyampur']
1375	['studio album']
1376	['taxon']
1377	['ayyampatti']
1378	['taxon']
1379	['blues']
1380	['association football player']
1381	['adult']
1382	['zealand nurse']
1383	['reform']
1384	['states']
1385	['association football player']
1386	['school']
1387	['song']
1388	['sportsperson whoa']
1389	['human settlement']
1390	['singer']
1391	['alpine skier']
1392	['football quarterback']
1393	['taxon']
1394	['family name']
1395	['recording']
1396	['family name']
1397	['film']
1398	['lawyer']
1399	['compilation album']
1400	['music duo consisting']
1401	['athlete specialising']
1402	['professional lacrosse player']
1403	['charles']
1404	['conference football team']
1405	['painting']
1406	['oil company']
1407	['corridor']
1408	['cricketer']
1409	['season']
1410	['college basketball program']
1411	['level policy-making body']
1412	['singer']
1413	['taxon']
1414	['prelate']
1415	['type']
1416	['association football player']
1417	['company']
1418	['strait']
1419	['manufacturer']
1420	['car body style']
1421	['engineer']
1422	['body']
1423	['association football player']
1424	['film']
1425	['chair']
1426	['prostitute']
1427	['genus']
1428	['professor']
1429	['rhinatrematidae']
1430	['ha']
1431	['film']
1432	['taxon']
1433	['basketball player']
1434	['taxon']
1435	['staging']
1436	['actor']
1437	['human settlement']
1438	['politician']
1439	['taxon']
1440	['genus']
1441	['actor']
1442	['archives']
1443	['bullfighter']
1444	['cricketer']
1445	['b type proanthocyanidin']
1446	['female football player']
1447	['human settlement']
1448	['family name']
1449	['professional golfer']
1450	['6-O-alpha-L-rhamnosyl-beta-D-glucosidase']
1451	['school run']
1452	['appointment']
1453	['accord']
1454	['jumper']
1455	['airport']
1456	['association football player']
1457	['airport']
1458	['human settlement']
1459	['list']
1460	['association football player']
1461	['tan']
1462	['girl']
1463	['u']
1464	['prince sadruddin aga khan']
1465	['town']
1466	['royal']
1467	['theatre director']
1468	['taxon']
1469	['human settlement']
1470	['musician']
1471	['renaissance painter']
1472	['businessman']
1473	['name']
1474	['representation']
1475	['visitor attraction']
1476	['association football player']
1477	['commune']
1478	['iraqi football forward']
1479	['taxon']
1480	['peak']
1481	['commune']
1482	['genus']
1483	['music project']
1484	['character']
1485	['association football player']
1486	['taxon']
1487	['river']
1488	['staging']
1489	['studio album']
1490	['film']
1491	['writer']
1492	['dumont']
1493	['surfer']
1494	['contact']
1495	['bibliothecarius']
1496	['francisco quinata sanchez']
1497	['actor']
1498	['burkinabé olympic swimmer']
1499	['lists']
1500	['municipalities']
1501	['country blues']
1502	['football defender playing']
1503	['human settlement']
1504	['tennis tournament']
1505	['foundation']
1506	['season']
1507	['biologist']
1508	['member']
1509	['church']
1510	['responsibility']
1511	['artist']
1512	['mode']
1513	['association football player']
1514	['human settlement']
1515	['film']
1516	['comune']
1517	['municipality']
1518	['taxon']
1519	['human settlement']
1520	['rapper']
1521	['dj']
1522	['school']
1523	['espagnole']
1524	['gmina']
1525	['group']
1526	['human settlement']
1527	['taxon']
1528	['dam']
1529	['theater']
1530	['samuel parsons']
1531	['name']
1532	['taxon']
1533	['district']
1534	['baroque landscape painter']
1535	['star']
1536	['association football player']
1537	['–']
1538	['football association']
1539	['taxon']
1540	['genre']
1541	['justice']
1542	['owerri']
1543	['taxon']
1544	['racing car driver']
1545	['season']
1546	['mathematician']
1547	['studio album']
1548	['indie pop band']
1549	['argentine football midfielder']
1550	['mcleish']
1551	['ice hockey player']
1552	['jazz standard']
1553	['human settlement']
1554	['ice hockey winger']
1555	['designation']
1556	['conglomerate enterprise']
1557	['taxon']
1558	['human settlement']
1559	['crab spider species']
1560	['actor']
1561	['video game']
1562	['song']
1563	['film']
1564	['city']
1565	['character']
1566	['genus']
1567	['conference football team']
1568	['sprint canoeist']
1569	['street gang']
1570	['waka poet']
1571	['rock']
1572	['fish']
1573	['gila river arena']
1574	['human settlement']
1575	['m tall']
1576	['football']
1577	['trend']
1578	['bombing']
1579	['argentine football']
1580	['mayor']
1581	['member']
1582	['tree']
1583	['žuta lokva']
1584	['cathedral']
1585	['population geneticist']
1586	['film']
1587	['handball player']
1588	['family']
1589	['taxon']
1590	['camp meeting thatheld']
1591	['family name']
1592	['building']
1593	['richard flecknoe']
1594	['genus']
1595	['creek']
1596	['events']
1597	['aid']
1598	['bank']
1599	['human settlement']
1600	['division i']
1601	['year']
1602	['rock music group']
1603	['singer']
1604	['taxon']
1605	['theater']
1606	['human settlement']
1607	['wwcd']
1608	['roman']
1609	['servant']
1610	['stadium']
1611	['video game']
1612	['ice hockey player']
1613	['districts']
1614	['radio station']
1615	['district']
1616	['singer']
1617	['science fiction novel']
1618	['film']
1619	['hotel']
1620	['film']
1621	['motte']
1622	['association football player']
1623	['village development committee']
1624	['microbiologist']
1625	['genus']
1626	['squash association']
1627	['town']
1628	['taxon']
1629	['taxon']
1630	['tai']
1631	['film']
1632	['island']
1633	['family name']
1634	['line']
1635	['scientist']
1636	['cape']
1637	['composer']
1638	['community']
1639	['division']
1640	['science']
1641	['artist known']
1642	['transform fault']
1643	['team']
1644	['umbrella organization']
1645	['football player']
1646	['championship']
1647	['genus']
1648	['name']
1649	['wqed-fm']
1650	['baseball outfielder']
1651	['composer']
1652	['lists']
1653	['politician']
1654	['episode']
1655	['marquis']
1656	['association football player']
1657	['album']
1658	['song']
1659	['berlin']
1660	['district']
1661	['taxon']
1662	['baseball pitcher']
1663	['regency']
1664	['football team']
1665	['artist']
1666	['family name']
1667	['song']
1668	['sports ground']
1669	"[""mi'kmaq reserve""]"
1670	['army officer']
1671	['bainbridge']
1672	['kioe']
1673	['town']
1674	['woredas']
1675	['artist']
1676	['film']
1677	['novel']
1678	['aircraft manufacturer']
1679	['samsung galaxy a5 refers']
1680	['family name']
1681	['lists events']
1682	['ice hockey forward']
1683	['resource']
1684	['juggler']
1685	['reservoir']
1686	['airport']
1687	['snooker tournament']
1688	['metal/hard rock band']
1689	['biscuit manufacturer']
1690	['human settlement']
1691	['archbishop']
1692	['nicholls state colonels football team']
1693	['ashta lakshmi']
1694	['association football player']
1695	['settlement']
1696	['sms']
1697	['community']
1698	['two-place']
1699	['generation']
1700	['film']
1701	['rugby union player']
1702	['union station power house']
1703	['haji jalal mosque']
1704	['writer living']
1705	['taxon']
1706	['singer']
1707	['genus']
1708	['rock musician']
1709	['union mount filesystem implementation']
1710	['school']
1711	['mosque']
1712	['miles']
1713	['bridge player']
1714	['bengali poet']
1715	['municipality']
1716	['sport']
1717	['video game']
1718	['year']
1719	['stonington']
1720	['handball player']
1721	['locality']
1722	['group']
1723	['racing driver']
1724	['year']
1725	['japanese football player']
1726	['football coach']
1727	['gorinchem']
1728	['season']
1729	['genus']
1730	['pioneer settler']
1731	['poet']
1732	['brand name']
1733	['database management system']
1734	['taxon']
1735	['football stadium']
1736	['indie rock duo kings']
1737	['science fiction author']
1738	['film']
1739	['genus']
1740	['book']
1741	['cricketer']
1742	['human settlement']
1743	['trade agreement']
1744	['genus']
1745	['author patrick dewitt']
1746	['journal']
1747	['type']
1748	['municipality']
1749	['journal']
1750	['cemetery']
1751	['flight']
1752	['poem']
1753	['telenovela']
1754	['human settlement']
1755	['film']
1756	['multi-sport event']
1757	['lawyer']
1758	['arc system']
1759	['taxon']
1760	['vehicle']
1761	['angolan judoka']
1762	['author']
1763	['taxon']
1764	['formula c8h14o4']
1765	['m']
1766	['member']
1767	['author']
1768	['taxon']
1769	['human settlement']
1770	['football manager']
1771	['tv show broadcast']
1772	['women']
1773	['airline']
1774	['agency']
1775	['commander']
1776	['election']
1777	['developer']
1778	['cornell']
1779	['singer']
1780	['municipality']
1781	['taxon']
1782	['officer']
1783	['association football player']
1784	['master weaver']
1785	['singer']
1786	['family']
1787	['thatendemic']
1788	['newspaper']
1789	['peak']
1790	['novel']
1791	['clinch mountain range']
1792	['railway station']
1793	['human settlement']
1794	['genus']
1795	['law enforcement officer']
1796	['businessman']
1797	['telescope']
1798	['commune']
1799	['taxon']
1800	['luger']
1801	['john augustus atkinson']
1802	['dfl-supercup']
1803	['professor']
1804	['airport']
1805	['actor']
1806	['multiple unit']
1807	['jurisdiction']
1808	['family']
1809	['professor']
1810	['actor']
1811	['commune']
1812	['commune']
1813	['season']
1814	['paralympic swimmer']
1815	['list']
1816	['politician']
1817	['subspecies']
1818	['ceramics specialist']
1819	['taxon']
1820	['society']
1821	['scouting organization']
1822	['film']
1823	['trans']
1824	['microhylinae']
1825	['human settlement']
1826	['compound']
1827	['states relations']
1828	['church']
1829	['steel city renegades']
1830	['human settlement']
1831	['ice dancer']
1832	['human settlement']
1833	['lighthouse']
1834	['song']
1835	['film']
1836	['library']
1837	['association football player']
1838	['taxon']
1839	['reality programme']
1840	['reformer']
1841	['attack']
1842	['philosopher']
1843	['board']
1844	['human settlement']
1845	['david morrieson panton']
1846	['flag']
1847	['blues']
1848	['painter']
1849	['professional snooker player']
1850	['series']
1851	['mining project']
1852	['lawyer']
1853	['comune']
1854	['track roller derby league']
1855	['paris']
1856	['settlement north']
1857	['horror novel']
1858	['heldentenor']
1859	['association football player']
1860	['officers']
1861	['use']
1862	['sports radio personality']
1863	['choice diagnostic questionnaire']
1864	['human settlement']
1865	['site']
1866	['district']
1867	['actor']
1868	['list']
1869	['actor']
1870	['woman']
1871	['taxon']
1872	['human settlement']
1873	['airport']
1874	['sub']
1875	['railway company']
1876	['songbird']
1877	['human settlement']
1878	['endemic']
1879	['commune']
1880	['association football defender']
1881	['archipelago']
1882	['dvigatel']
1883	['train station']
1884	['clubwoman']
1885	['island']
1886	['professional basketball player']
1887	['gaunpalika']
1888	['processing peptidase']
1889	['writer']
1890	['film']
1891	['taxon']
1892	['taxon']
1893	['scholar']
1894	['head']
1895	['cyclist']
1896	['pellet fuels']
1897	['subtribe']
1898	['indie rock band']
1899	['magician']
1900	['rhythm']
1901	['taxon']
1902	['politician']
1903	['football team']
1904	['film']
1905	['galaxy']
1906	['episode']
1907	['head coach']
1908	['studio album']
1909	['studio album']
1910	['sauropodomorph']
1911	['officer']
1912	['herb belonging']
1913	['high-rise building']
1914	['taxon']
1915	['interceptor fighter']
1916	['taxon']
1917	['librarian']
1918	['district']
1919	['pharaoh']
1920	['taxon']
1921	['horse race']
1922	['equivalent']
1923	['municipality']
1924	['physicist']
1925	['violinist']
1926	"[""rock'n'roll band""]"
1927	['southernmost']
1928	['swimmer']
1929	['scandal']
1930	['genus']
1931	['edition']
1932	['politician']
1933	['defender']
1934	['taxon']
1935	['settlement']
1936	['knighthood order']
1937	['mountain']
1938	['dilbert']
1939	['politician']
1940	['town']
1941	['prize']
1942	['album']
1943	['people']
1944	['charity']
1945	['railway station']
1946	['town']
1947	['taxon']
1948	['enzyme']
1949	['film']
1950	['taxon']
1951	['professional basketball player']
1952	['waste disposal site']
1953	['list']
1954	['passenger flight']
1955	['built']
1956	['taxon']
1957	['cricketer']
1958	['head']
1959	['railway']
1960	['treatment']
1961	['taxon']
1962	['street']
1963	['cove']
1964	['video game']
1965	['south']
1966	['genus']
1967	['human settlement']
1968	['phonetician']
1969	['architect']
1970	['state highway']
1971	['actor']
1972	['leader']
1973	['human settlement']
1974	['economist']
1975	['dictionary']
1976	['film']
1977	['name']
1978	['publications']
1979	['male']
1980	['memoir']
1981	['anthology']
1982	['human settlement']
1983	['genus']
1984	['association football player']
1985	['bertran']
1986	['tennis tournament']
1987	['commune']
1988	['film']
1989	['deaminase']
1990	['politician']
1991	['277']
1992	['story']
1993	['television']
1994	['earthquake']
1995	['human settlement']
1996	['poet']
1997	['radio station']
1998	['mountain']
1999	['infraorder ptychopteromorpha']
2000	['sheriff']
